RANK_2025,Academic_Reputation_Score,Employer_Reputation_Score,Faculty_Student_Score,Citations_per_Faculty_Score,International_Faculty_Score,International_Students_Score,International_Research_Network_Score,Employment_Outcomes_Score,Sustainability_Score
1,100,100,100,100,99.3,86.8,96,100,99
1,98.5,99.5,98.2,93.9,100,99.6,97.4,93.4,99.7
1,100,100,100,84.8,98.1,97.7,100,100,85
1,100,100,96.3,100,74.1,69,99.6,100,84.4
1,100,100,100,84.6,100,94.8,99.3,100,84.8
1,100,100,100,99,70.3,60.8,96.8,100,81.2
1,98.8,87.2,65.9,97.9,100,98.6,95.7,90.5,98.8
1,99.5,91.1,68.8,93.1,100,88.9,91.6,100,97.7
1,99.5,98.3,95.9,72.2,99,100,99.9,70.3,74.8
1,96.5,95.3,100,100,100,79.8,65.5,31,62.5
1,96.3,91.9,99.8,74,90.9,66.2,91.9,100,93
1,100,100,23.5,98.2,91.5,61,97.2,98.4,100
1,98.5,93.9,15.4,93,95.1,99.8,97.4,96.5,99.6
1,99.5,96.6,92.6,97.7,50.3,23.6,79.8,94.2,46.9
1,91.9,73.3,80.6,92.4,100,83.5,89.4,83.9,95.6
1,98.3,93.1,52.7,97.5,54.2,63.4,94,97.1,72.1
1,97.4,59.4,81.2,86.4,100,99.3,81.4,99.7,89.2
1,96.4,90,10.9,93.7,99.9,100,95.8,93.1,99.6
1,90.5,90.4,20.6,94.9,100,99.4,98.3,97.7,99.2
1,99.2,97.7,95,99.1,18.1,13.4,79.2,92.3,40.4
1,99.1,96.4,94.2,60.8,79,87,85.1,99.1,46.9
1,99.8,98.3,57,100,9.6,56.6,78.3,95.7,51.5
1,99.9,99.9,100,38.6,91.5,63.3,93.9,98.5,92.2
1,74.4,97.6,98.1,87.6,62.3,65,99.8,97.1,73.4
1,99.7,96.9,44.9,50.8,96.9,96.1,97.7,98.7,100
1,84.2,67.2,91.2,93.6,100,100,81.7,27.2,86.7
1,98.3,97.2,65.5,47.7,98.7,99.8,99.5,55.9,99
1,83,98.6,76.8,75.9,80.4,98.6,95.6,34.5,93.1
1,94.3,87.6,62.3,57.9,83.7,89.6,94.2,98.3,99.1
1,93.8,75.4,34.6,84.6,100,96.2,91.4,56.6,97.1
1,98.5,98.6,83.1,71.7,10.5,16.9,73.2,100,96
1,86,62.6,100,84.2,63.7,95.8,98.7,71.5,61.9
1,100,99.8,89.3,57.3,10.1,29.7,87.4,99.9,98.3
1,99.6,98.8,100,31.7,41.5,97,98.5,99.9,71.8
1,95.6,98.1,51.3,45.1,93.1,99.2,99.2,87.6,99.8
1,86.7,53.3,64.2,92.9,100,87.5,74.2,89,86.7
1,89.2,79.6,9.4,87.6,100,100,94.8,79.4,98.2
1,98.3,94.3,34.5,57.7,95.5,72.8,96.2,74.6,99.8
1,85.7,87.8,79.7,80.7,88.4,35.1,67.2,64.4,82.7
1,90.3,85.7,64.3,53.6,99.1,99.5,98.6,59.8,96.2
1,86.7,74,21.2,90.2,100,100,96.7,56.7,96.7
1,100,99.8,35.4,74,42.2,22.3,95.5,94.7,67.1
1,96.3,98.8,90.5,28.6,30.2,98.1,92.6,98.4,95.4
1,97.9,92.1,80.3,47.6,65.5,39.2,95.8,94.5,62.2
1,84,86.3,58.6,99.6,23.1,19.6,73.7,73.5,80.3
1,44.7,99.6,95.9,86.1,99.1,98,89.6,97.7,54.8
1,81.1,50.3,56.7,99.7,100,95.4,46.7,65.4,77.6
1,75.3,95.4,54.7,99.5,95,15.9,91.8,55.5,30.7
1,74.4,83,39.4,79.7,100,91.4,93.7,54.8,99.1
1,98.8,99,94.2,39.3,15.9,19,85.7,72.8,85.2
1,84,68,97.6,67.7,45.4,52,89.4,96.8,55.4
1,67.2,97,35.1,69.4,100,100,81.2,99.6,91.3
1,87.7,91,60.2,96.2,21.1,10.9,46.8,63.3,60.3
1,75.8,82.5,36.7,75.9,87.5,89.8,94.6,51.2,98.9
1,83.8,52.1,21.4,92.2,96,87.5,96.3,79.8,38.2
1,81.5,97,84.2,44.1,20.7,51.2,78.7,87.8,88.9
1,68,35.6,65,94.9,100,91.9,78.9,64.5,77.4
1,69.8,80.1,40.9,98.9,33.7,99.1,79.9,61.5,24.5
1,92.2,86.6,38.5,50,75.1,37.6,95.5,66.9,62.2
1,82.9,95.1,75.7,29.1,60.2,64.2,91.8,69.3,83.6
1,86,74.7,100,35.1,16.3,61,93.3,85.5,75
1,60.9,30.8,89.5,100,100,100,62.9,37.5,72.9
1,84.6,49.6,7.1,91,93.8,47.7,99.5,75.3,51.2
1,87.2,52,43,72.3,33.8,46.7,99.8,79.7,87.6
1,82.2,44.7,15.5,66.9,100,84,87.4,92.9,99.7
1,93.5,86.6,8.1,76.7,6.1,11.7,91.7,81.7,52.1
1,78.2,93.8,73,45,15.2,45.7,65.7,89,85.2
1,93.4,92.1,25.5,44.3,16.7,27.4,71.5,99.9,90
1,72.2,86.4,35.5,37.7,98.1,99.1,94.2,65.7,89.7
1,83.9,75.7,6.4,77.5,14,56.3,90.4,81.7,65
1,94.1,94.1,71.7,1.6,63.9,64.6,73.4,99.8,51.8
1,89.3,57.8,50.8,67,54.6,44.3,95.5,21.7,44.3
1,60.7,99.1,99.8,35,35.7,58.6,98.6,70.8,72.6
1,45.2,55.6,62.3,86.1,92,65.9,91.1,62.4,94.8
1,68.3,52.5,55.5,44.6,97.4,73.4,96.7,86.5,99.6
1,81.9,55.5,28.6,78.8,11,32.8,95.6,68.7,66.5
1,55.5,41.8,13.1,98.8,100,99.8,94.2,78,50.8
1,77.4,67.7,38,32.5,95.7,99.4,97.6,33.5,98.5
1,59.9,49.6,77.7,76.4,79.9,50.9,83.2,63.6,46.6
1,68.9,69,39,40.5,92.6,89.3,97.5,44.5,96.8
1,50.1,44.3,40.7,83.4,92.5,98,97.1,49.2,96.9
1,56,38.9,17.9,87,100,99.3,93.6,51.5,95.7
1,70.5,75.9,36.4,39.8,82.5,88.5,98.8,50.9,71.8
1,76.9,59.4,99.4,32.7,54.2,53.6,94.5,25.2,77.6
1,75.1,94.1,84.1,43.1,23.4,30.5,61.2,23.7,62.2
1,82.4,87,45.2,54.9,23.9,12.2,68.2,33,68
1,69.5,47.4,20.2,58.4,99.3,88,91.3,88.6,57.7
1,43.9,55,9.8,97.7,96.6,86,91.4,40.2,96.3
1,59.6,83.9,26.3,40.9,97.3,84.9,89.7,39.4,98.6
1,76.6,64.5,25,55.4,25.1,28,97.9,61.9,96.5
1,63.3,81.1,11.4,54.3,79.6,45.2,92.9,63.1,90.1
1,92.8,74.6,21.4,28.5,6.8,2.1,95.9,97.9,93.6
1,93.7,98,23.7,8.8,26,3.7,82.5,99.9,79.3
1,78,82.3,99.7,4.1,19.7,91.5,88.1,95.8,3.5
1,97,94.4,37.4,2.4,7.5,2.3,93.2,93.2,83.4
1,57,42.2,39.1,61.3,98.3,71,96,70,97.6
1,80.3,56.9,5,71.7,62.4,43.7,93.1,32.8,31.3
1,45.9,80,99.9,96.9,27.6,2.7,26.6,11,36.6
1,46.6,93.7,6.3,71.9,48.6,85.5,86.1,33.4,84.8
1,74,31.6,99.8,23.1,84.9,15.6,98.2,90.8,73.2
2,38,46.5,86,78,100,47.6,73.9,97.8,20.1
2,44.9,80.9,39.4,68.4,70.5,42.9,86.4,50.8,75.3
2,61.4,33.7,52,42.3,99.4,81.1,96.7,68.4,99.2
2,46.5,63.2,64.7,49.2,98.4,100,83.8,18.5,91.1
2,58.3,48.7,52.5,43.9,83.3,96.8,95.8,33.8,97.7
2,66.5,38.8,31,79.5,55.7,19.4,97.3,54.7,61.9
2,73.8,82.8,97.8,23.9,14.1,11.4,68.3,22.6,78.6
2,61.1,65.8,32.8,37.6,89.4,70.5,98,38,97
2,33.2,22.1,99.1,84.4,100,87.7,88.1,43.6,47.9
2,59.9,26.4,92.2,40.1,100,42.8,94.3,88.6,58.7
2,70.8,77,5.8,40.2,67.4,56.8,88.1,52.9,72.6
2,61.9,69.1,38.3,41.3,34.3,88.9,86.9,77.2,65.9
2,45.7,40.6,33.2,73.6,95.2,40.1,78.2,95.1,94.7
2,67.1,82.6,20.3,52.8,21.3,66.4,75.5,43.1,39.5
2,40.4,64.2,6.5,78.9,75.8,71.3,84.6,58.9,93.3
2,77.7,47.8,74.3,23.7,35.3,23.6,91.6,81.6,59.6
2,62.3,29.1,59.4,49.6,73.4,5.7,96.9,90.5,94.5
2,58.5,86,14.4,79.1,4.3,1.3,52.3,64.5,52.5
2,55.6,16,73.8,55.7,91.6,31.7,97.3,80.9,72.1
2,48.3,36.9,30.4,62.8,99.5,99.2,92.5,21.4,95.6
2,32.6,38.9,3.3,93.4,99.8,49.5,81.5,96.7,99.3
2,29.8,50.6,68.1,48.2,100,96.5,89.4,98.6,74
2,40.4,48,5.2,77.7,100,91.4,83.2,38.4,93.9
2,57.9,70.7,80.5,41.3,17.5,41.7,54.2,36.5,79.1
2,50.4,54.5,17.3,58,26,74.1,85.8,92.6,97.7
2,89.2,69.9,7.4,27,69.1,35.1,93.1,19,19.9
2,51.4,43.5,16.6,46.4,99.1,74.8,87.2,89.8,95.6
2,52.5,21,26.7,64.5,80.7,89.8,95.7,86.6,58.7
2,50,59.3,39.2,38.7,89.5,68.6,97.1,31.3,97.1
2,63,48,23.5,52.5,72.7,51.3,90.6,22.8,76.1
2,26.6,13.5,61.4,94.5,100,85.8,89.4,69.9,44.6
2,80.7,48.5,5,45.3,3.1,8,97.1,88,72.3
2,80.8,47.8,3.7,46.6,14.5,12.3,96,53.8,88.4
2,33.4,39.2,9.1,79.6,99.9,91.6,90.9,54.1,95
2,50,23.7,94.7,97.7,11.6,5.1,75.7,31.9,11.9
2,28.7,72.1,35.7,79.3,100,82.7,70.8,24.2,29.8
2,70.9,40.4,23.2,13,100,92,96,89.7,60.9
2,61.7,66.4,80.4,14.1,45.7,78.8,83.7,22.5,64.4
2,26.3,50.4,50.5,77.4,100,63.1,77,31.7,87
2,82.8,90,8,11.2,8.5,4.5,77.1,96.1,64.1
2,38.9,36.7,27.7,69.6,93.3,92.3,89.7,28.8,96.2
2,68.4,32.9,21.3,54.5,85,51.7,95.2,48.8,25.5
2,39.1,27.3,62.5,87.9,77.5,94.1,62.2,29.5,20.6
2,54.7,27.6,30.8,63.8,89.8,11.9,96.1,69.5,76.4
2,57.1,32.5,35.6,93,61.9,7.6,67.1,29,16.5
2,63.3,69.7,46.4,19.6,24.3,96.4,87.8,20.1,71.2
2,55.3,74.3,58,22.1,63.2,74.8,86.1,37.7,35.4
2,61,61.9,58.8,25.7,36.1,92,80.5,17.5,53.5
2,59.8,61.4,41.6,34.4,89.3,9.5,93.1,35.9,58.4
2,54.1,80.9,17.3,77.4,3.1,1.5,63.3,35.1,32.7
2,35.8,67.9,18.3,52,94.3,80,84.2,35.2,90.4
2,59.5,48.6,11.4,50.3,54.5,12.4,97.5,57.1,96.3
2,63.2,65.8,84.7,25.4,14.5,19.6,64.8,21.5,75
2,61.2,66,4.4,64.3,21.9,12.1,92.6,44.4,39.5
2,45.5,17.2,40.4,62.4,100,97.6,94.2,49.5,42.3
2,61.4,36.5,72.9,47.2,23.5,11.1,91.6,55.2,44.6
2,42.1,23.8,98.6,41.3,59.4,81.2,97.9,21.1,92.3
2,37,58.2,18.1,63.3,76,70,85.4,89.3,28.7
2,55.5,32.8,76,19.3,87.6,54.1,84.9,54.2,91.4
2,52.3,34.4,49.3,41.2,93.2,83.5,94.1,40,40.1
2,29.7,16.1,45.9,99.3,100,38,93.8,30.7,52.1
2,43,78,77.1,28.5,17.4,57.6,63,43.3,85.8
2,54.2,79.6,99.3,1.4,49,54.2,64.7,59.6,29.8
2,68.1,68.1,28.7,7.9,10.5,34.3,91.8,96.3,88.9
2,73.7,30.3,12.4,38.1,23.1,26.3,96.8,71.5,92.2
2,46.1,39.4,37.8,36.6,88.3,85.4,97.2,36.3,95.6
2,58.3,66.5,78.4,27.9,18.7,14.1,69.9,15.1,77.6
2,29.5,24.5,17,94.6,91.8,56.3,89,18.3,93.9
2,53.2,24.8,78.5,21.5,79.7,21.4,99.5,72.9,98.3
2,42.9,45,30.2,42.5,91,72.2,95.1,30.1,97.1
2,45.2,51.8,13.8,46.8,56.5,19.2,97.3,95.8,95.6
2,32.2,41.7,13.1,65.7,86.2,78.6,91.7,47.8,94
2,59,63.3,76.2,26,18.7,12.1,77.7,15.5,78.1
2,33.1,27.7,15.7,84.7,100,24.3,94.2,31,90.7
2,64,35.8,11.5,59.5,18.5,16.5,93.1,24,86.7
2,39.5,34.2,63.8,35.6,96.2,56.7,82.6,49.9,91.9
2,36.3,12,99.7,47.7,85.4,72.4,83.6,31.9,86.7
2,52.6,21.3,7.7,97.8,75.4,17.2,71.2,7.9,28.4
2,28.3,24.5,28.7,91.7,99.9,24.2,82,14.8,92.4
2,67.7,88.4,14.2,5.9,22.8,1.9,55.2,98.2,80
2,48.6,59.6,46,40.5,14.1,86.9,82.9,18,52.1
2,60.7,96.1,23.5,3.8,27.9,28,66.4,83.7,56.1
2,12.9,4.7,99.9,100,100,100,74.3,6,2.6
2,42.9,30.1,43,40.1,87.8,75.6,92.5,23.5,97.4
2,53.8,91.4,62.5,2.4,20.8,10.6,56.6,96.1,54.4
2,46.8,43.2,36.1,30,82.8,67.7,92.3,18.9,96
2,29.8,16.3,97,93.5,59,11.7,70.3,14,6.6
2,53,91.6,57.2,5.1,9.4,10.2,57.5,91.4,59
2,26.2,23.3,3.5,81.3,91.7,77.8,93,39.8,92.9
2,33.9,50.4,12.5,73.8,85.5,90.4,71.6,19.1,11.3
2,50.7,35.7,16.5,54.7,40.2,20.4,93.4,42.8,90.6
2,31.8,16.9,29.1,96.9,54.5,26.5,72.9,24,81.4
2,40.8,56.7,5.4,42.6,69.2,26.6,71.2,87.1,93.8
2,35.4,18.3,60.9,33.6,90,78.2,94.2,63.1,92.8
2,39.2,40.5,14,91.9,39.2,4.9,78.2,46.5,22.2
2,25.2,19,93.8,78.4,52.2,33.9,85.6,22.8,37
2,31.3,23.9,4.6,73.6,96.4,63.8,82.7,36.8,93.7
2,61,64.3,29.1,21,7.7,10.4,92,43.1,79.6
2,37.9,44.5,18.1,40.3,77.7,66.2,85.2,53.3,93.3
2,48.6,44.1,7.4,47.1,52.1,37.2,95.7,23.6,96.3
3,39.4,28.7,54.3,40,99.4,15,95.1,99,33
3,20.9,38.6,19.1,23.9,100,100,48.1,48,16.5
3,48.4,25.9,4.6,55,91,47.6,89.9,76.4,27.1
3,56.8,33.1,32.4,41.9,7.7,8.7,91.7,52.5,96.5
3,8.9,58.5,99,62.6,43.5,96.5,37.3,59.5,10.8
3,35.4,33.6,28.6,40.6,100,98.2,92.8,9.9,88.9
3,53.8,79.2,55.7,2.1,88.3,7.1,37.2,77.3,32.7
3,58.6,50.4,39.5,31.2,13.4,10.6,94.6,45.3,50.8
3,32,18.6,4.2,99.4,39.7,7,77.9,88.4,46.2
3,54.8,71.2,28,49.6,9.5,11.1,45,16.3,32.1
3,45.7,26.3,37.9,99.9,3.7,1.5,39.1,13.1,23.7
3,43.1,24.5,24.6,52.2,67.6,33.7,92.3,32.5,90
3,39.8,33.1,8.1,59.9,97.9,20.7,83.4,19,89.4
3,45,24.6,12.8,38.8,100,37.6,79.5,59.1,96
3,51.5,74,33.4,20.3,16.3,13.9,58.7,42.4,83.8
3,46.7,42.3,62.9,32.1,17.8,10.3,98.3,44.5,60.6
3,23.6,19.8,8,77.7,92.6,95,78.6,19.6,78.4
3,48.6,29.4,32.5,55,20.9,16.2,92.3,41.2,54.4
3,32.9,62.7,51.1,52.7,19.6,19.2,53.7,58.3,38.8
3,71,89.9,5.4,3.4,5.6,1.4,65.9,42.6,53.1
3,39.4,17.8,21.3,63.7,67.3,47.4,89,45.1,50.8
3,46,30.7,87.1,20.5,76.1,26.2,93.8,30.9,33
3,34,51.1,9,90.2,1.1,1.1,69.3,33,44.3
3,25.8,27.7,3.2,94.9,27.2,48.8,87.1,19.6,74.5
3,29.7,55.3,23.8,32.4,87.1,68.6,87.1,23.2,93.8
3,28.4,18.8,36.8,61,100,54.2,79.8,51.8,51.2
3,42.4,63.2,20.3,70.3,3.9,1.6,37.5,27,44.6
3,52.8,24.1,62.7,17.2,44.3,38.9,94.7,35.4,83.2
3,68.2,35.9,31.7,7.5,18.7,3,79.6,93.6,73.2
3,23,27.8,13.2,62.8,99.4,100,80.5,38.2,52.5
3,33.3,34.5,3,49.9,98.7,84.4,87.5,65.5,25.2
3,71.8,40.3,14.7,24.3,10.7,2.7,85.4,25.1,65.9
3,20.7,32,43.3,61.3,100,90.4,87.6,20,13.8
3,36.3,42.5,80.3,28.5,35.8,27.6,93.8,8.8,75.8
3,19.1,11.7,12.4,84.7,99,56.9,55.1,46.4,89.5
3,58.9,27.3,8.5,45.7,9.2,11.1,94.9,18.8,87.7
3,30.5,28.8,32.7,32,94.5,92.6,88.5,22.2,96.5
3,22.6,20.8,99.1,33.6,63.9,93.8,64.3,40.4,63.7
3,54.4,73.5,57.6,1.7,40.3,4.1,38.1,69,26.8
3,30.1,14,48,27.4,98.5,95.2,85.1,49.2,91.4
3,40.2,52.1,3.1,51.6,4.9,41,81.4,30.6,77.9
3,20,35.9,6.7,70,60.3,81.4,65.9,44.4,71.8
3,22.8,31,65.8,60.6,9.2,40.9,42.5,68.8,71.2
3,42.8,21.4,10.1,32.1,100,31,70.7,71.6,91.4
3,11.9,10.5,9.8,99.1,100,99.9,57,50.3,7.7
3,45.6,49.1,32.2,8,25,50.5,96.3,65.5,77.4
3,22.6,10.4,15.5,56.8,99.6,84.9,84.7,39.9,97.7
3,24.4,21.8,100,53,30.1,36,78.6,34.7,24.5
3,30.6,68,49.6,14.7,24.8,73.8,63.6,75.8,42.3
3,28.6,29.5,48.5,28.9,63.2,37,73.1,97,80.5
3,27,81,71.5,10.1,64.8,99.6,41.4,4.2,22.2
3,27.1,21.1,33.7,99.8,8,5,68.6,28.3,14.6
3,18.2,12,60,61.4,98.9,100,37,15.7,54.4
3,46.4,27.1,76.4,16.2,49.7,22.4,95.1,40.3,32.1
3,27,13.7,8.4,62.5,99.8,38.5,92.1,17.9,96.4
3,43.2,72.7,55.8,2.6,94.4,3.8,26.3,49.2,37.6
3,17.8,27.1,17.6,65.2,100,98.1,75.4,26.3,25.7
3,50,53.6,46.4,5.5,10.5,8.4,84.1,60,69.8
3,17.2,15.4,82.3,61.6,35.7,71.7,55.6,29.3,53.1
3,44,20.7,10.7,36.5,9,39.4,98.2,94,70.9
3,20.1,19.9,33.5,2.7,100,100,14,17.4,1.6
3,34.7,27.3,10.4,31.4,100,27.7,63,82.3,91.1
3,36.9,56.9,14,73.3,2.6,1.1,38.8,19.6,22
3,33.2,25.2,22.3,30.4,75.1,9.3,94.4,89.4,85.8
3,27,65.1,78.1,3.6,89.1,95.8,37.6,10.2,27.9
3,31.7,29.4,12.1,67.1,75.6,24.5,74,16.4,27.9
3,24.1,11.3,37.5,48.1,94.4,32,94.6,44.8,74.8
3,26.5,42.1,8.9,30.5,75.1,5.8,96.8,98.9,84.8
3,17.2,13.5,38.8,99.5,24.8,25.4,65.2,32.4,16.9
3,19.5,28.1,38.5,79,83.9,20.1,63.9,4.1,18.4
3,33.9,10.3,24.2,92.6,6.6,21.3,70.8,10.5,19.7
3,28,14.1,27,66,81.3,18.6,93.9,19.6,39.8
3,30.1,35.1,22.1,28.5,89,52.1,69.1,34,91
3,26.2,30.3,63.2,13.2,95.2,43.2,81.3,46.6,85.9
3,19.4,16.7,12.9,53.5,99.9,74.6,77.4,30.1,87.9
3,38.2,17.2,10,48.8,61,25.3,79.8,30.6,83.4
3,35,12.7,96.3,31.3,9.5,13.5,91.7,42.6,53.5
3,41.3,17.9,10.8,59.6,6.6,19.8,95.1,39.1,53.1
3,23.3,13.7,76.1,18.2,93.6,58.2,93.1,51.8,72.1
3,13.6,13.5,87.9,98.1,29.3,9.6,24.8,3.3,16.1
3,32.8,18.2,79.3,19.4,53.2,23.8,77.8,94.6,34.2
3,25.9,30,16.7,31.8,93,64,85,33.6,88.6
3,65.6,33.3,4.6,2.9,34.3,46.5,70.3,74.8,23.7
3,9.3,2.5,89.7,98.8,37.5,1.4,48.3,1.6,31.6
3,31.2,70.2,9,22.3,12,18.3,74.7,77.5,69.5
3,33.5,56.3,49.5,4.1,64.8,52.3,66.3,20.7,68.3
3,35.2,30.4,15.7,29.3,35.9,30.1,90.8,56.8,91.9
3,19.8,13.7,30.8,43.4,80,95.3,88.8,22.7,75
3,52.8,17,6.4,39.6,6.5,6.8,85.5,44.1,74.8
3,19.7,17.9,22.8,55.2,97.1,87.1,86.4,20.4,28.4
3,13.9,11.4,12.4,86.5,94.9,77.3,66.1,13.9,15.4
3,31.6,8.3,64.9,28.3,93.3,16.9,90.7,63.9,33.6
3,37.3,22.2,44.4,38.8,31.6,15.1,94.1,37.1,40.4
3,16,7.4,22.1,59.8,79.9,89.7,80,15.9,85.6
3,19,39.4,14,89.5,3.9,3.8,80.5,26.4,18.2
3,26.1,35.8,3.5,61.9,19.7,8,94.8,85.2,22
3,37.3,27.3,55.8,29.1,6.1,11.3,81.6,77.9,35.4
3,36.2,51.9,99.9,1.4,65.6,70,15.2,7.7,6.8
3,23.1,43.1,25.1,27.9,71,59.6,82.3,8.3,91.8
3,20.4,28.2,7.9,99.9,5.2,2.7,79.4,17.6,15
4,29.3,41.9,63,14,28,37.3,62.5,90.9,37
4,23.2,24.3,43.4,82,5.7,6.7,68.6,14.3,10.1
4,18.5,26.6,37.9,45.4,81.9,32.6,84.6,42.4,41
4,61.9,23.3,13.7,7.8,7.6,1.5,79.7,81.4,59.6
4,19.9,20.8,25.5,53.2,77.3,14.9,92.1,23.3,75.6
4,37.5,22.3,17.3,40.7,43.9,58.7,84.1,11.2,36
4,37.1,79.1,57,1.5,58,6.7,40.3,18.9,16.3
4,43.2,33.2,24.4,15.9,37.4,24.1,90.4,20.2,75
4,20.3,7.8,73.1,9.3,100,100,71.5,55.8,61.6
4,26.7,25.4,9.8,63.4,55,17,78.1,21.5,35.7
4,37.8,46.4,65.1,5.5,5.7,15.4,88.6,51.3,35.4
4,17.7,17.9,40.3,24.9,96.5,51.4,98,63.1,65.6
4,23.1,33,6.8,55.2,36,46.8,70.4,21.7,65.3
4,17.3,42.4,3.2,93.6,7,1.9,65,21,3.4
4,24.4,48.7,92,2.1,8,92.2,89.7,10,24
4,16.6,35.5,16.7,88.2,8.2,3.1,64.1,20.7,19.7
4,25.8,25.2,60.8,29.2,22.3,18.4,70.1,60.2,68.9
4,24,11.4,6.2,36.6,97,83.9,76.8,22.8,89.8
4,36.1,17.5,38.3,34.9,32.2,4.9,86.3,31.6,62.8
4,34.4,62,92.6,1.4,68.7,8.2,22.8,5.5,10.5
4,21.3,44.9,4.6,76,1.3,4.6,72.7,39.6,5
4,31.3,56.5,16.7,11.4,3.2,32.1,81.1,60.7,86.3
4,19,29.5,50,39.3,66.7,16.9,81.6,43.8,27.9
4,20.2,15.9,22.3,49.3,85.5,24.1,81.1,21.3,73.2
4,10.5,11.8,84.1,99.9,6.6,3.3,12.3,2.7,3.1
4,27,67.2,9.7,17,8.3,19.8,76.1,69.1,70.3
4,23.2,37.1,82.1,15.1,14.3,53.4,54.5,13.8,80.5
4,36.2,28.1,46.3,12.8,18,28.2,78,25.7,95.4
4,38.1,35.3,4.3,25.9,1.3,1.5,75.1,96,70.6
4,31.8,28.8,46.4,49.5,2.2,3.6,77.4,21.4,15.9
4,15.9,24.6,14.9,16.7,100,99.8,27.3,8.3,1.5
4,17.2,7.2,15.2,58.7,66.8,32.2,87.9,19.2,91.4
4,44.7,14.3,7.9,41.7,20.2,35.1,94.9,20.7,21.5
4,19.4,29,6.8,93.8,1.3,2,44.3,6.4,37.9
4,13.5,5.6,7.2,51.8,97.2,88.8,80.8,7.4,87.4
4,6.4,9.4,9.5,97.6,56.8,28.5,55.6,7.9,55.8
4,20.4,12.3,10.3,98.5,7.1,4.9,71.3,12.9,11
4,36.3,65.3,31.1,1.9,1.6,1.1,60.9,65.6,67.7
4,11.1,5.3,18.2,57,77.3,49.5,82.3,32.1,90.7
4,21.3,12.7,24.9,31.9,99.8,50.9,85.5,15.5,83.6
4,11.1,13.3,7.1,46.5,99.1,99.8,77.9,19.9,71.2
4,11.5,33.6,5.1,99.9,2.9,1.2,61.4,28.2,1.3
4,18.8,32,6.4,97.6,2.3,1.2,51.2,4.9,2.2
4,16.9,7.7,53.5,45.7,23.5,38.1,60.2,56.1,81
4,15.1,13.5,25.3,59.4,65.3,8.6,89.4,21.7,68.6
4,14.7,32.5,10.5,55.1,98.4,60.6,56.8,14.3,15.2
4,36.6,19.7,4.2,65.1,2.2,1.1,92.5,7.3,20.1
4,17,7.7,3.9,62.5,94.7,40.9,54.2,11.3,82.9
4,45.8,41,8.8,3,2.9,7.2,86.4,95.5,47.2
4,16.8,34.8,81.1,2.8,52.7,97.2,31.4,97.7,7.2
4,20.8,21.3,5.6,31.2,95.8,98.9,66.4,54.8,23.2
4,20.4,71.6,68.8,14.5,4.3,4,73.6,2.8,44.9
4,23.9,48.8,4,15.5,33.3,8.2,98.1,80.1,79.6
4,33.4,23.6,23.3,29.1,36.3,10.8,86.6,56.8,32.7
4,29.4,10.8,10.3,49.8,8.1,22.9,91.2,31.1,75.8
4,9.2,4.5,80.8,25.2,100,100,70.1,52.8,3.1
4,22.9,10.5,93.7,10.8,48.6,15.1,88.8,85.7,18
4,13.8,9,38.6,100,18.6,8.8,27,2.2,9.9
4,13.9,5.6,11.1,90.6,4.2,15.3,89,2.7,57.7
4,18.6,17.1,55.6,21.9,100,3.2,78.8,51.5,55.4
4,23.6,16.2,19,72.2,5.1,3.1,62.6,46,15.4
4,22.7,18.6,3.9,22.6,53.1,78.7,65.5,76.3,86.5
4,36.3,30.5,59.4,4.6,4.9,38.9,83.9,71.7,3.2
4,38.5,28.3,31.1,23.3,8,19.3,83.8,30.5,34.8
4,31.6,22.8,64.5,10,30.5,4.5,82,35.8,66.8
4,44.1,21.8,81.1,4.7,4.9,4.2,57.2,9.8,57.7
4,32.9,46.7,19.5,3.5,21.2,43.5,67,82.1,39.5
4,20.6,26.8,3,79.1,2,2,86.2,23.1,4.7
4,25.2,28.8,27.3,27.5,24.6,34.4,79.5,74.5,27.3
4,8.2,5,31.8,52.1,100,96.3,20.2,40,48.9
4,31.8,27.7,38.9,16.7,10.1,19.8,85.3,26.3,82.5
4,41.5,7.2,3.2,33.3,4.1,5.3,87.5,51.7,83.6
4,34.6,8.4,4.4,46.6,7.3,12.3,88.5,30.3,74.5
4,27.8,12.1,52.3,29.3,33.2,4.4,86.3,39.9,52.5
4,18.5,9.8,25.4,82.9,12.3,2.7,51.1,37.9,11.5
4,45.3,56.6,26.3,1.6,3.4,2.5,42.2,78.3,11.3
4,36.6,22.5,54.7,17.3,12.4,19.3,66.9,9.8,63.4
4,4.9,4.8,3.5,99.1,41.4,100,41.6,1.9,1.1
4,15.4,10,14.6,45.7,95.1,49.8,78.8,34,40.4
4,40.4,15.1,8.6,38.8,5.9,4.2,88.3,15,56.7
4,10,12,5.5,100,,1.3,89.2,5.9,24.7
4,19.9,14.2,4.8,31,100,45.5,87.4,8.9,89.2
4,12.1,6.6,20,97.8,10.7,4.6,51.3,27.3,7.3
4,20.2,8.8,92.9,9.9,100,46.5,35.4,56.5,12.7
4,28.4,40.7,93,1.3,3.8,59.3,36.4,38.2,1
4,28.7,21.8,15.9,23.9,25.3,57,86.3,48.7,38.2
4,3.3,1.8,94.4,88.5,4.4,4.3,39.2,2.1,1.2
4,10,4.7,4.5,75,93.8,20,73.4,42.1,5.8
4,26.4,26.2,18.9,28.4,71.8,16.5,82.6,24,34.8
4,27.6,37.9,43.5,29.4,19.7,25.5,29.8,19.9,38.8
4,26.7,33.2,2.1,31,9.9,15.9,86.6,85.8,29.3
4,17.7,5.9,7.4,65.3,53.4,7,64.5,6.1,83.6
4,31.3,15.4,9,47.2,9.6,30.8,69.1,6.3,57.7
4,19.2,11.8,15.4,24.6,51.6,96.4,67.3,44,72.3
4,20.3,8.8,2.5,53.4,48.8,39.3,87.3,16.2,53.5
4,10.8,16.1,11.9,76.9,23.8,31.2,64.1,1.8,45.9
4,17,11.8,9.6,38,50.3,53,94.6,23.6,81.2
4,8.8,5.7,4.8,73.1,84.1,23,81,8.6,43
4,23.6,11.4,95.6,2.4,10.2,95.7,88.3,15.4,22.2
4,24.3,54.6,19.1,32.4,24.7,13,51.6,6.8,34.8
5,5.2,20.5,4.6,100,24.6,2.8,70.2,5.8,1.6
5,14.3,7.7,2.4,51.2,79.6,69.4,63.1,5.6,70.9
5,7.4,28.7,33.7,60.6,29.2,58.3,59.5,14.4,2.4
5,27.8,43.4,88.1,1.2,66.7,16.9,15,23.6,3.8
5,6.1,4.6,73.5,40.7,100,100,39.3,2.1,1.1
5,10,3.6,15.6,57.1,97.7,99.5,55.5,8.8,7.7
5,23.5,31.7,9.5,13.8,27.6,66.7,80.2,36,79.1
5,24,38.4,84.8,1.8,6.6,13.5,83.6,13,44.6
5,32.1,31.1,35.5,5.2,97,3.8,29.4,75.6,14.6
5,19.3,11.2,10.6,21.7,100,99.8,52.6,12.4,72.6
5,14.7,15.7,98.9,11.1,81.8,59.7,59.9,11.9,2.8
5,3.1,2.8,65.3,91.6,31.4,13.5,6.6,3,15.8
5,15.8,11.4,3.3,17.5,87.4,92.3,73.8,43.6,89.8
5,30.7,37.6,13.7,7,67.5,67.4,68.4,20.5,13.2
5,23.9,24.8,52,20.1,74.2,4.3,59.1,35.3,15
5,18.4,13.7,30.8,14,91.1,89.4,75.2,7.4,55.4
5,24.9,65.3,4.1,10.7,10.7,2.6,46.8,84.9,46.2
5,22,42.4,80.6,3.6,19.9,50.2,59.4,15.6,5.8
5,20.1,26,25.8,10.7,75,22.6,75.4,35.3,82.5
5,18.3,25.5,15.7,23,87.1,30.8,72.5,8,76.4
5,12.5,18.5,9,34.4,94.2,53.8,79.2,19.6,46.9
5,19.2,8.1,26,23.8,55.8,41.6,80.2,36.4,78.4
5,13.9,54.7,24.3,41.6,19.8,20.6,21.3,22.5,31.3
5,23.5,46.9,71.4,1.8,53.2,3.6,19.1,33.9,35.1
5,21.2,32,17.9,17.4,46.3,26.9,78.5,14.5,82.1
5,15.8,7,5.5,74.4,45,9.5,78.5,8.7,8.8
5,13.5,6.6,20.8,82,14.4,3.4,69.2,5,11.6
5,11.8,4.2,10.2,99.4,3.1,2.8,56.8,4.9,3.6
5,8.6,4.1,5.5,99.7,6.4,4,67.5,14.1,3.9
5,22,13.5,99,4.2,21.6,91.6,64.1,4.4,1.4
5,44.4,14.1,5.7,26.2,3.1,14.8,96.3,4.9,26.3
5,17.3,42.2,9.6,3.2,100,100,48.4,9.8,1.4
5,8.1,49.3,46.5,2.2,95.2,100,3.5,65.6,4.6
5,7.8,14,2.7,98.7,12,1.5,53.4,5.3,1.6
5,8,4.5,5.2,57.3,85.6,73.9,74.9,14.8,11.3
5,26.5,16.3,36.1,19.7,5.5,25,84.9,11.7,76.1
5,19.1,23.5,74.7,3.3,12.4,13.6,75.5,83.7,27.1
5,7.4,5.3,99,66,,,31.2,4.6,1.1
5,21.7,7.4,8.3,64.6,6.2,12.6,82.7,13.5,15.4
5,18.3,20.4,60.9,17.1,18.5,3.7,78.4,22.2,70.9
5,24.7,18.4,91,9.5,6.3,57,56.5,5.8,5.3
5,24.2,35.5,27.6,19.2,15.5,7.1,60.5,32.3,54.8
5,14.4,6.5,17.5,46.9,36.7,16,76,6.7,88.9
5,12.7,5.9,1.9,79.3,14.2,18.8,83.9,10.5,11
5,35.6,11,12,19.9,2.1,24.3,89.3,8.4,79.3
5,9.6,3.8,18.1,88.1,11.5,2.9,55.9,14.4,8
5,7.9,10.3,15.2,90.6,4.6,1.8,46.5,23.1,2.7
5,18.6,3.4,8.5,57.2,22.8,29.9,99.5,13.1,17.3
5,5.3,5,8.2,99.1,3.2,2.5,73.3,7.2,2.3
5,12.1,7.8,41.5,72.1,7,4.5,51.2,12.8,4.3
5,34.7,20.5,62.9,5.4,14.5,25.2,23.3,17.3,49.8
5,14.4,12.6,86.7,9.2,60.3,7.2,84.6,28.2,32.4
5,11.2,9.4,9.3,30.3,76.9,81.3,61.6,15.8,76.1
5,16.6,23.6,94.6,12,31.1,45.5,41.7,17.6,1
5,19.9,11.6,71.8,15.2,51.1,21.8,78,9,26.3
5,39.1,10.3,5.1,20.7,34.2,35.9,90.7,20.4,5.4
5,12.8,12.8,5,50.1,46.4,14.3,65.2,11.2,82.9
5,18,7.3,32.2,23.6,34.7,43.5,76,21.2,79.1
5,43.4,55,7.2,4.2,6.3,2.2,51.1,12.7,11.2
5,21.7,15.4,20.4,33.1,44.5,5.9,84.8,30.8,23
5,39.1,12.6,18.4,8.2,3.5,18.9,91.4,16,67.4
5,4.4,3.4,3.9,56.4,100,100,26.2,29.5,11.3
5,28.4,33.2,43.9,11.4,7,5.6,55,15,49.8
5,18.3,10.5,37.8,18.3,85.9,14.5,66.1,13.1,63.1
5,11,52,8.7,8.1,93.6,43.1,32.6,71.7,20.1
5,18,10.7,8.8,33.6,20.1,36.9,68.6,33.3,82.5
5,23.3,20,15.5,33.5,47.1,5,77.3,8.6,29.6
5,20.7,12,9.1,47.9,7.5,12.5,77.3,32.9,31.3
5,14.4,14.5,11.1,51.7,64,14.3,64.9,16.3,11.8
5,15.5,5.2,12.7,22.6,99.8,98.6,75.1,14,13.2
5,12.8,12.3,75.9,14.3,83.5,33.5,59.7,12.2,13.2
5,8.6,5.8,12.1,43,40.7,52.3,75,8.1,82.9
5,24.1,12.3,75.9,8.9,13.2,12.9,70.1,6.9,50.8
5,15.8,3.4,18.6,36.5,51.8,21.2,92.9,1.3,67.1
5,18.1,17.3,6,22,100,100,84.8,11.2,11.8
5,24,52.1,13.3,15.2,61.4,3.7,38.3,19.3,10.6
5,6.1,5,27.1,95.6,2.1,1.1,23.6,2.2,4.2
5,14.9,5.7,13,27.2,94.1,86.9,73.2,7.2,19.7
5,36.9,6.5,7.9,21.7,17.5,18.2,99.1,15.2,25.5
5,19.9,29.4,99.9,1.1,1.9,6.7,12.5,85.7,1
5,10.1,8.2,9.5,76.3,4.9,2.4,77.3,11,15
5,8.4,2.6,18.9,88.8,3.2,1.5,52.2,4.5,5.8
5,4.6,3.3,35.5,46.8,100,100,15.4,4.1,1.1
5,26.5,24.9,32,22.1,22.7,10.8,35.6,11.4,48.9
5,15.3,53.9,3,31,42.4,22.7,27.9,34.9,1.5
5,15.2,6.6,29.7,41.7,41.7,12,82.9,7.9,30.1
5,7.6,4.6,12.1,81.4,21.3,2.1,59.6,13.6,4.1
5,16,31.9,67.8,9.3,14.2,37.8,29.9,13.5,49.5
5,4.9,15.7,5.1,92.2,2.3,1.4,43.5,5.6,1.1
5,20.3,13.1,50.8,30.5,40.9,5.3,58.7,8.9,10.5
5,41.1,25.8,13,16.2,5.9,2.7,70.9,1.5,14.5
5,9,6.7,29.4,20.9,97.1,97.8,44,3.1,49.8
5,11.9,25.3,3.9,49,37.7,1.4,83.5,4.4,29
5,12.1,46.1,37.4,27.4,11.6,2.1,62.2,23.2,9.1
5,9.2,11.8,98.9,8.1,45.8,89.5,32.9,14.6,1.1
5,35.4,24.3,32.3,1.6,2.4,2,45.5,81.6,16.9
5,16.3,9.4,6.6,50.9,47.9,10.4,77.3,3.7,21.3
5,6.8,12.5,15.8,72,29.7,7.4,30.9,17.7,18
5,13.3,4.7,16.2,63.5,24.1,9,72,9,6.8
5,22.3,11.4,57.8,11.5,42,15.5,87,11.4,16.3
