Class,g1,g2,g3,g4
1,45.93,2,0,17
3,64.37,973.93,2.02,92
3,90.51,462.79,3.43,81
4,125.4,744.85,4.01,100
2,50.26,510.81,1.74,76
2,45.37,745.03,4.79,84
4,94.11,1121,5.06,92
4,129.78,1040.72,4.81,95
3,89.31,1095.97,7.27,94
3,88.92,747.85,4.26,85
3,95.14,156.68,0.18,55
3,108.41,717.24,13.26,50
2,88.3,334.32,3.53,40
3,53.08,403.03,13.72,79
1,40.35,2.4,0,26
2,37.76,167.01,9.16,58
2,42.15,171.38,4.38,59
2,51.88,235.2,0.68,35
2,51.48,119.49,0.84,55
1,32.95,280.05,2.71,20
2,42.29,243.9,1.28,55
1,36.17,367.16,2.95,83
2,50.16,297.66,3.21,59
1,69.58,208.68,0.6,25
1,0,41.38,81,17
2,40.77,131.19,11.81,54
3,60.8,539.1,43.51,74
2,28.86,5.31,11.24,48
1,18.36,34,1.57,40
1,2.42,56,14.83,60
3,116.19,396.65,6.62,100
2,102.58,510.09,2.52,85
1,140,0,0,5
3,112.95,173.24,3.47,70
3,110.91,292.06,3.64,80
2,32.09,253.09,5.14,78
2,4.59,134.09,34.79,53
1,19.57,2,0,28
3,32.23,982,22.74,83
2,7.41,54.08,63.14,59
2,7.04,167.86,35.44,75
3,123.82,551.1,1.33,80
3,37.26,284.72,38.04,100
3,81.27,459.68,4.53,75
2,37.13,279.35,6.56,80
2,46.94,76.64,7.19,70
2,30.76,299.45,18.47,80
4,125.23,951,6.79,100
3,89.41,602.1,12.49,72
3,118.88,547.58,5.17,75
2,34.93,215.1,10.79,90
3,60.47,453.26,19.62,96
1,31.23,375.66,4.18,53
2,14.03,521.2,15.25,85
4,116.94,2651.87,6.59,100
2,107.75,420.62,1.26,70
3,90.12,313.15,5.59,86
3,110.33,1135,4.54,90
2,23.37,30,9.55,60
3,64.32,358.62,20.65,81
3,87.74,143.02,6.23,72
2,71.4,81.91,1.43,55
2,64.1,226.54,4.67,64
3,114.38,663.52,4.79,95
2,14.83,164.78,17.39,70
2,21.16,338.71,29.78,77
1,5.35,733,2.61,80
2,43.25,436.11,8.1,65
2,44.33,48.96,8.26,48
3,82.24,854,17.31,98
4,107.81,794.85,2.69,100
2,58.58,153.03,10.2,50
2,32.41,157.19,20.38,60
2,17.98,252.52,8.18,60
3,46.04,584,21.31,90
3,115.45,574.68,8.04,78
2,46.58,225.3,14.55,70
3,28.34,558.35,23.82,77
3,74.88,35.76,19.21,55
3,115.28,617.1,3.13,70
3,33.75,214.47,36.44,90
3,47.37,184.13,16.51,69
3,77.06,253.82,15.49,70
3,80.67,415.41,9.87,61
2,77.92,173.55,7.5,55
4,99.24,1212.51,3.98,100
2,5.34,243.59,30.93,58
1,23.86,71.99,6.99,40
3,75.06,65.4,5.95,80
2,62.51,194.01,5.33,80
3,19.46,785.11,23.11,80
1,20.59,304.06,9.57,75
3,23.18,289.75,16.48,80
2,49.23,219.73,12.82,66
2,70.73,111.46,11.27,71
2,43.52,182.44,22.18,65
3,80.72,319.35,15.06,100
3,82.69,602.71,8.36,93
3,68.36,533.11,7.06,78
3,75.66,214.95,14.84,90
3,57.28,373.81,23.93,79
2,47.79,215.87,9.47,70
3,106,531.45,15.18,60
2,27.86,240.2,14.84,82
2,22.02,354.53,47.14,74
2,110.66,15,0,40
3,53.78,234.57,48.36,74
2,3.93,332.33,89.71,33
2,14.59,190.27,8.68,74
2,14.07,444,21.43,68
1,28.62,156.02,0.72,60
3,54.76,712.26,7.53,70
2,62.12,210.06,1.23,46
2,70.25,194.05,0.81,58
3,75.51,664.73,5.71,92
2,52.91,90.21,0.5,60
3,90.54,242.61,0.68,63
3,69.75,506.73,5.81,80
2,68.18,946.18,3.41,78
2,90.63,569.53,2.96,50
3,68.77,565.66,16.6,80
4,130.26,1211.21,7.49,83
4,89.75,1165.43,4.34,83
3,63.08,480.46,6.11,58
2,110.63,389.33,1.19,50
3,62.85,964.01,11.79,100
3,74.48,379.04,11.27,78
2,54.18,322.16,13,63
2,57.82,132.9,0.19,35
2,45.54,247.11,0.53,60
2,55.22,706.75,0.75,77
2,44.83,576.64,0.6,90
2,52.22,100.72,0.89,42
2,102.16,542.65,4.6,67
2,47.32,661.97,3.12,90
2,56.94,255.52,1.99,80
2,62.01,899.9,3.81,88
3,70.99,185.04,8.05,80
3,75.75,302.5,2.48,65
3,98.25,314.39,5.11,80
3,118.37,808,9.15,91
3,118.61,78.7,13.81,59
2,60.97,452.2,2,90
3,116.71,751.19,3.76,84
2,61.54,861.18,2.07,85
2,86.65,411.56,1.16,65
2,91.29,469.12,3.14,68
3,75.26,1135.13,7.93,80
3,122.87,458.08,2.76,65
2,52.05,463.1,8.56,36
2,52.77,199.47,0.51,70
2,57.45,498.39,1.62,43
2,61.7,350.53,1.05,43
3,77.49,136.46,1.44,70
2,54.91,480.99,3.46,90
3,80.36,748.2,2.17,90
3,79.03,269.77,7.48,80
2,58.15,508.26,1.2,69
2,100.25,294.11,0.5,50
3,88.82,525.47,5.24,82
2,53.03,966.18,4.12,50
3,156.04,609.39,3.53,80
2,43.8,300.9,1.81,80
3,57.82,1146,6.51,82
2,53.72,284.18,0.86,50
2,86.42,69.79,0.41,50
2,106.91,112.68,2.9,45
3,81.99,231.53,0.8,70
3,70.27,1282.04,2.12,71
2,51.64,362.83,2.48,80
2,60.86,323,2.92,75
2,55.54,331.22,6.3,78
3,73.58,284.72,6.63,90
3,90.83,766.31,7.73,80
3,81.08,1219.73,5.16,73
3,73.15,1359.03,4.5,93
3,70.67,252.07,4.5,84
2,63.04,330.68,0.61,60
2,53.66,203.09,0.45,38
2,52.25,221.58,1.37,60
2,74.09,407.38,2.98,84
3,66.69,415.03,0.04,90
2,39.81,124.25,0.81,70
4,130.47,1066.49,3.88,100
3,77.09,1408,5.69,90
2,63.76,524.51,3.02,41
3,122.28,520.32,3.04,90
2,47.24,395.04,5.13,56
2,58.8,479.84,3.6,70
2,87.99,335.41,5.81,70
3,50.6,456.52,4.82,100
4,123.21,751,36.12,100
2,56.38,498.43,2.13,58
3,94.98,442.76,1.54,90
3,58.05,991.59,5.77,68
3,83.94,656.18,7.57,100
2,58.46,361.63,2.05,64
3,54.99,518.07,8.29,86
2,43.96,526.71,0.94,90
3,53.29,450.89,5.79,100
3,80.18,1141.07,2.68,92
3,112.37,330.9,4.76,88
2,61.11,395.57,3.72,80
2,58.13,376.51,7.09,58
3,69.56,507.76,1.95,80
3,102.67,449.44,0.77,80
3,57.72,543.24,9.93,89
3,63.66,1120.34,7.09,89
3,108.37,853.73,3.6,70
3,64.93,473.1,10.15,69
2,29.76,182.06,29.33,68
3,38.87,291.47,58.11,65
3,64.35,437.91,20.7,95
2,41.27,240.84,7.22,70
2,26.59,350.59,8.73,82
2,60.29,11,0,0
1,39.22,119.26,1.69,53
3,109.18,783.33,3.28,85
2,104.78,624.62,2.08,85
3,121.67,879.87,2.08,85
2,103.61,917.49,1.98,80
3,83.81,624.97,1.29,85
3,124.22,1105.47,4.27,100
3,116.24,1372.81,3.17,100
4,100.57,919.06,1.87,100
2,95.63,166.19,0.88,35
2,106.35,402.29,2,70
3,141.92,293.84,1.4,45
2,79.49,184.1,0.14,70
3,109.29,662.11,3.42,80
2,81.8,639.38,0.5,50
3,119.72,477.32,2.9,95
3,111.16,997.81,3.06,90
2,86.8,341.02,0.78,95
2,90.4,247.44,1.67,55
1,57.84,141.65,0.22,30
2,92.24,374.42,0.94,50
2,73.63,161.72,0.27,45
2,95.8,207.78,1.98,50
2,111.4,394.99,0.89,68
3,119.87,1154.41,1.62,90
1,29.72,248.76,0.66,55
1,32.98,384.92,0.95,55
1,27.93,153.01,0.82,70
2,58.19,379.19,6.07,58
2,62.5,108.56,4.68,40
2,111.68,253.86,1,60
2,75.48,59.14,0.05,50
2,58.69,386.34,0.84,80
2,70.58,139.46,0.46,60
2,100.34,73.76,1.73,75
3,121.85,1156.73,5.5,100
4,124.63,1722,5.2,100
4,97.71,1148.46,2.25,100
3,121.6,609.63,4.53,90
3,110.8,662.5,1.41,80
3,85.87,741.16,1.65,85
2,43.44,257,1.13,70
3,115.54,282.32,1.14,70
2,65.65,345.43,2.34,76
2,85.2,186.63,0.61,85
2,61.34,114,0.21,67
1,27.58,14,4.17,33
3,77.24,678,13.32,48
2,48.59,492.97,4.34,31
2,45.39,191.96,1.99,72
3,77.89,594.66,8.74,53
2,41.72,496.74,9.82,70
2,17.54,234.57,17.78,64
2,17.8,344.22,7.66,56
2,15.3,161,0.7,65
3,27.53,278.76,34.03,60
2,17.81,215.48,36.26,56
1,48,0,0,22
1,30.08,125.12,24,44
2,70.13,32.43,4.45,42
2,63.16,20,0,37
1,38.81,90.99,0.05,35
1,35.92,8,2.45,50
1,0,0.2,0,17
1,35.85,312.74,0.61,70
2,60.85,367.16,1.47,71
2,55.66,274.4,0.38,65
2,70.84,560.53,2.24,78
2,56.81,86.73,0.55,50
3,55.7,123.18,0.3,4
