response,v1,v2,v3,v4,v5,v6,v7,v8,v9,v10,v11,v12,v13,v14,v15,v16,v17,v18,v19,v20,v21,v22,v23,v24,v25,v26,v27
1,0.5,0.26,0.1,0.9,0.9,0.9,0.1,0.367,0.42,0.26,0.1,0.1,0.1,0.1,0.1,0.1,0.1,0.1,0.9,0.367,0.1,0.9,0.9,0.9,0,0.367,0.633
1,0.1,0.1,0.1,0.1,0.1,0.1,0.1,0.1,0.1,0.42,0.9,0.8,0.1,0.5,0.5,0.1,0.5,0.26,0.367,0.1,0.1,0.1,0.1,0.1,0,0.1,0.1
2,0.1,0.1,0.1,0.1,0.1,0.1,0.1,0.1,0.1,0.42,0.9,0.7,0.1,0.5,0.5,0.1,0.5,0.26,0.367,0.1,0.1,0.1,0.1,0.1,0,0.1,0.1
2,0.1,0.1,0.1,0.1,0.1,0.1,0.1,0.1,0.1,0.26,0.1,0.1,0.1,0.1,0.1,0.1,0.1,0.1,0.367,0.1,0.1,0.1,0.1,0.1,0,0.1,0.1
3,0.5,0.26,0.1,0.9,0.9,0.9,0.1,0.367,0.42,0.26,0.1,0.1,0.1,0.1,0.1,0.1,0.1,0.1,0.367,0.1,0.1,0.1,0.1,0.1,0,0.1,0.1
3,0.3,0.42,0.3,0.9,0.9,0.1,0.1,0.367,0.1,0.26,0.1,0.1,0.1,0.1,0.1,0.1,0.1,0.1,0.633,0.633,0.633,0.9,0.9,0.1,0,0.367,0.1
3,0.1,0.1,0.1,0.1,0.1,0.1,0.1,0.1,0.1,0.42,0.26,0.1,0.9,0.1,0.9,0.1,0.1,0.26,0.367,0.1,0.1,0.1,0.1,0.1,0,0.1,0.1
3,0.1,0.1,0.1,0.1,0.1,0.1,0.1,0.1,0.1,0.58,0.26,0.1,0.1,0.1,0.5,0.1,0.5,0.58,0.367,0.1,0.1,0.1,0.1,0.1,0,0.1,0.1
3,0.9,0.26,0.1,0.1,0.5,0.1,0.1,0.1,0.9,0.26,0.1,0.1,0.1,0.1,0.1,0.1,0.1,0.1,0.367,0.1,0.1,0.1,0.1,0.1,0,0.1,0.1
3,0.3,0.9,0.9,0.1,0.5,0.5,0.1,0.367,0.26,0.26,0.1,0.1,0.1,0.1,0.1,0.1,0.1,0.1,0.367,0.1,0.1,0.1,0.1,0.1,0,0.1,0.1
3,0.3,0.9,0.8,0.1,0.5,0.5,0.1,0.367,0.26,0.26,0.1,0.1,0.1,0.1,0.1,0.1,0.1,0.1,0.367,0.1,0.1,0.1,0.1,0.1,0,0.1,0.1
3,0.5,0.26,0.1,0.9,0.9,0.9,0.1,0.367,0.42,0.58,0.26,0.1,0.9,0.9,0.9,0.1,0.5,0.42,0.367,0.1,0.1,0.1,0.1,0.1,0,0.1,0.1
3,0.1,0.1,0.1,0.1,0.1,0.1,0.1,0.1,0.1,0.26,0.26,0.1,0.1,0.1,0.1,0.1,0.5,0.1,0.367,0.1,0.1,0.1,0.1,0.1,0,0.1,0.1
3,0.1,0.1,0.1,0.1,0.1,0.1,0.1,0.1,0.1,0.42,0.58,0.5,0.1,0.9,0.5,0.1,0.5,0.26,0.367,0.1,0.1,0.1,0.1,0.1,0,0.1,0.1
3,0.1,0.1,0.1,0.1,0.1,0.1,0.1,0.1,0.1,0.9,0.42,0.1,0.1,0.1,0.1,0.9,0.1,0.58,0.367,0.1,0.1,0.1,0.1,0.1,0,0.1,0.1
3,0.1,0.1,0.1,0.1,0.1,0.1,0.1,0.1,0.1,0.9,0.26,0.1,0.1,0.5,0.1,0.1,0.1,0.9,0.367,0.1,0.1,0.1,0.1,0.1,0,0.1,0.1
3,0.3,0.42,0.3,0.9,0.9,0.1,0.1,0.367,0.1,0.26,0.1,0.1,0.1,0.1,0.1,0.1,0.1,0.1,0.367,0.1,0.1,0.1,0.1,0.1,0,0.1,0.1
3,0.1,0.1,0.1,0.1,0.1,0.1,0.1,0.1,0.1,0.58,0.26,0.1,0.9,0.9,0.9,0.1,0.5,0.42,0.367,0.1,0.1,0.1,0.1,0.1,0,0.1,0.1
4,0.1,0.74,0.7,0.1,0.5,0.1,0.1,0.367,0.1,0.26,0.1,0.1,0.1,0.1,0.1,0.1,0.1,0.1,0.367,0.1,0.1,0.1,0.1,0.1,0,0.1,0.1
4,0.1,0.42,0.4,0.1,0.5,0.1,0.1,0.367,0.1,0.26,0.1,0.1,0.1,0.1,0.1,0.1,0.1,0.1,0.367,0.1,0.1,0.1,0.1,0.1,0,0.1,0.1
4,0.3,0.58,0.5,0.1,0.5,0.5,0.1,0.367,0.26,0.26,0.1,0.1,0.1,0.1,0.1,0.1,0.1,0.1,0.367,0.1,0.1,0.1,0.1,0.1,0,0.1,0.1
4,0.1,0.1,0.1,0.1,0.1,0.1,0.1,0.1,0.1,0.26,0.42,0.1,0.1,0.5,0.9,0.1,0.5,0.26,0.367,0.1,0.1,0.1,0.1,0.1,0,0.1,0.1
4,0.1,0.1,0.1,0.1,0.1,0.1,0.1,0.1,0.1,0.42,0.42,0.1,0.1,0.5,0.5,0.1,0.5,0.26,0.367,0.1,0.1,0.1,0.1,0.1,0,0.1,0.1
4,0.1,0.1,0.1,0.1,0.1,0.1,0.1,0.1,0.1,0.74,0.42,0.1,0.1,0.1,0.1,0.9,0.1,0.58,0.367,0.1,0.1,0.1,0.1,0.1,0,0.1,0.1
4,0.3,0.58,0.5,0.1,0.9,0.5,0.1,0.367,0.26,0.26,0.1,0.1,0.1,0.1,0.1,0.1,0.1,0.1,0.367,0.1,0.1,0.1,0.1,0.1,0,0.1,0.1
4,0.1,0.1,0.1,0.1,0.1,0.1,0.1,0.1,0.1,0.58,0.26,0.1,0.1,0.1,0.5,0.1,0.9,0.42,0.367,0.1,0.1,0.1,0.1,0.1,0,0.1,0.1
4,0.3,0.9,0.7,0.1,0.5,0.5,0.1,0.367,0.26,0.26,0.1,0.1,0.1,0.1,0.1,0.1,0.1,0.1,0.367,0.1,0.1,0.1,0.1,0.1,0,0.1,0.1
4,0.3,0.58,0.2,0.5,0.9,0.5,0.1,0.1,0.26,0.26,0.1,0.1,0.1,0.1,0.1,0.1,0.1,0.1,0.367,0.1,0.1,0.1,0.1,0.1,0,0.1,0.1
4,0.1,0.26,0.1,0.1,0.1,0.1,0.1,0.367,0.1,0.26,0.1,0.1,0.1,0.1,0.1,0.1,0.1,0.1,0.367,0.1,0.1,0.1,0.1,0.1,0,0.1,0.1
4,0.5,0.26,0.1,0.1,0.1,0.5,0.1,0.367,0.58,0.26,0.1,0.1,0.1,0.1,0.1,0.1,0.1,0.1,0.367,0.1,0.1,0.1,0.1,0.1,0,0.1,0.1
4,0.1,0.1,0.1,0.1,0.1,0.1,0.1,0.1,0.1,0.74,0.58,0.2,0.1,0.1,0.1,0.5,0.9,0.42,0.367,0.1,0.1,0.1,0.1,0.1,0,0.1,0.1
4,0.5,0.26,0.1,0.9,0.9,0.9,0.1,0.367,0.42,0.42,0.42,0.1,0.1,0.5,0.5,0.1,0.5,0.26,0.367,0.1,0.1,0.1,0.1,0.1,0,0.1,0.1
5,0.3,0.42,0.1,0.1,0.5,0.5,0.1,0.367,0.26,0.26,0.1,0.1,0.1,0.1,0.1,0.1,0.1,0.1,0.367,0.1,0.1,0.1,0.1,0.1,0,0.1,0.1
5,0.9,0.42,0.1,0.1,0.1,0.1,0.9,0.1,0.58,0.42,0.42,0.1,0.5,0.5,0.5,0.1,0.5,0.26,0.367,0.1,0.1,0.1,0.1,0.1,0,0.1,0.1
5,0.3,0.74,0.3,0.1,0.5,0.5,0.1,0.367,0.26,0.26,0.1,0.1,0.1,0.1,0.1,0.1,0.1,0.1,0.367,0.1,0.1,0.1,0.1,0.1,0,0.1,0.1
5,0.7,0.58,0.2,0.1,0.1,0.1,0.5,0.633,0.42,0.26,0.1,0.1,0.1,0.1,0.1,0.1,0.1,0.1,0.367,0.1,0.1,0.1,0.1,0.1,0,0.1,0.1
5,0.1,0.1,0.1,0.1,0.1,0.1,0.1,0.1,0.1,0.42,0.42,0.1,0.5,0.5,0.5,0.1,0.5,0.26,0.367,0.1,0.1,0.1,0.1,0.1,0,0.1,0.1
5,0.5,0.26,0.1,0.1,0.1,0.5,0.1,0.633,0.42,0.26,0.1,0.1,0.1,0.1,0.1,0.1,0.1,0.1,0.367,0.1,0.1,0.1,0.1,0.1,0,0.1,0.1
5,0.1,0.1,0.1,0.1,0.1,0.1,0.1,0.1,0.1,0.42,0.58,0.5,0.1,0.5,0.5,0.1,0.5,0.26,0.367,0.1,0.1,0.1,0.1,0.1,0,0.1,0.1
5,0.5,0.26,0.1,0.1,0.1,0.1,0.5,0.1,0.58,0.26,0.1,0.1,0.1,0.1,0.1,0.1,0.1,0.1,0.367,0.1,0.1,0.1,0.1,0.1,0,0.1,0.1
5,0.1,0.1,0.1,0.1,0.1,0.1,0.1,0.1,0.1,0.42,0.74,0.3,0.1,0.5,0.5,0.1,0.5,0.26,0.367,0.1,0.1,0.1,0.1,0.1,0,0.1,0.1
5,0.1,0.1,0.1,0.1,0.1,0.1,0.1,0.1,0.1,0.1,0.1,0.1,0.1,0.1,0.1,0.1,0.1,0.1,0.367,0.1,0.1,0.1,0.1,0.1,0,0.1,0.1
5,0.1,0.26,0.1,0.1,0.1,0.1,0.1,0.367,0.1,0.26,0.1,0.1,0.1,0.1,0.1,0.1,0.1,0.1,0.367,0.367,0.1,0.1,0.1,0.1,0,0.367,0.1
5,0.3,0.58,0.4,0.1,0.9,0.5,0.1,0.367,0.26,0.26,0.1,0.1,0.1,0.1,0.1,0.1,0.1,0.1,0.633,0.9,0.9,0.1,0.9,0.5,0,0.367,0.367
5,0.3,0.9,0.9,0.1,0.5,0.5,0.1,0.367,0.26,0.42,0.42,0.1,0.1,0.5,0.5,0.1,0.5,0.26,0.367,0.1,0.1,0.1,0.1,0.1,0,0.1,0.1
6,0.3,0.58,0.5,0.1,0.9,0.5,0.1,0.367,0.26,0.42,0.58,0.5,0.1,0.9,0.5,0.1,0.5,0.26,0.367,0.1,0.1,0.1,0.1,0.1,0,0.1,0.1
6,0.3,0.26,0.1,0.1,0.1,0.5,0.1,0.9,0.26,0.26,0.1,0.1,0.1,0.1,0.1,0.1,0.1,0.1,0.367,0.1,0.1,0.1,0.1,0.1,0,0.1,0.1
6,0.3,0.42,0.1,0.1,0.5,0.5,0.1,0.367,0.26,0.42,0.9,0.9,0.1,0.5,0.5,0.1,0.5,0.26,0.633,0.633,0.1,0.1,0.5,0.5,0,0.367,0.367
6,0.3,0.74,0.4,0.1,0.5,0.5,0.1,0.367,0.26,0.26,0.1,0.1,0.1,0.1,0.1,0.1,0.1,0.1,0.1,0.1,0.1,0.1,0.1,0.1,0,0.1,0.1
6,0.3,0.42,0.1,0.1,0.5,0.5,0.1,0.367,0.26,0.42,0.74,0.3,0.1,0.5,0.5,0.1,0.5,0.26,0.367,0.1,0.1,0.1,0.1,0.1,0,0.1,0.1
7,0.3,0.42,0.1,0.1,0.5,0.5,0.1,0.367,0.26,0.42,0.42,0.1,0.1,0.5,0.5,0.1,0.5,0.26,0.367,0.1,0.1,0.1,0.1,0.1,0,0.1,0.1
7,0.1,0.26,0.1,0.1,0.1,0.1,0.1,0.367,0.1,0.42,0.42,0.1,0.1,0.5,0.5,0.1,0.5,0.26,0.367,0.367,0.1,0.1,0.1,0.1,0,0.367,0.1
7,0.1,0.26,0.1,0.1,0.1,0.1,0.1,0.367,0.1,0.58,0.26,0.1,0.9,0.9,0.9,0.1,0.5,0.42,0.367,0.367,0.1,0.1,0.1,0.1,0,0.367,0.1
7,0.5,0.26,0.1,0.1,0.1,0.1,0.5,0.1,0.58,0.42,0.42,0.1,0.1,0.5,0.5,0.1,0.5,0.26,0.367,0.1,0.1,0.1,0.1,0.1,0,0.1,0.1
7,0.3,0.42,0.1,0.1,0.5,0.5,0.1,0.367,0.26,0.58,0.26,0.1,0.9,0.9,0.9,0.1,0.5,0.42,0.367,0.1,0.1,0.1,0.1,0.1,0,0.1,0.1
7,0.3,0.74,0.3,0.1,0.5,0.5,0.1,0.367,0.26,0.42,0.42,0.1,0.1,0.5,0.5,0.1,0.5,0.26,0.367,0.1,0.1,0.1,0.1,0.1,0,0.1,0.1
7,0.3,0.42,0.1,0.1,0.5,0.5,0.1,0.367,0.26,0.26,0.42,0.1,0.1,0.5,0.9,0.1,0.5,0.26,0.633,0.633,0.1,0.1,0.5,0.5,0,0.367,0.367
7,0.3,0.42,0.1,0.1,0.5,0.5,0.1,0.367,0.26,0.42,0.58,0.5,0.1,0.9,0.5,0.1,0.5,0.26,0.367,0.1,0.1,0.1,0.1,0.1,0,0.1,0.1
7,0.7,0.58,0.2,0.1,0.1,0.1,0.5,0.633,0.42,0.42,0.42,0.1,0.1,0.5,0.5,0.1,0.5,0.26,0.367,0.1,0.1,0.1,0.1,0.1,0,0.1,0.1
7,0.1,0.42,0.3,0.1,0.1,0.1,0.1,0.367,0.1,0.26,0.42,0.3,0.1,0.1,0.1,0.1,0.5,0.1,0.367,0.633,0.633,0.1,0.1,0.1,0,0.367,0.1
8,0.3,0.42,0.1,0.1,0.5,0.5,0.1,0.367,0.26,0.42,0.9,0.7,0.1,0.5,0.5,0.1,0.5,0.26,0.633,0.633,0.1,0.1,0.5,0.5,0,0.367,0.367
8,0.3,0.42,0.1,0.1,0.5,0.5,0.1,0.367,0.26,0.42,0.9,0.9,0.1,0.5,0.5,0.1,0.5,0.26,0.633,0.633,0.1,0.1,0.5,0.5,0,0.367,0.367
8,0.3,0.42,0.1,0.1,0.5,0.5,0.1,0.367,0.26,0.74,0.58,0.2,0.1,0.1,0.1,0.5,0.9,0.42,0.367,0.1,0.1,0.1,0.1,0.1,0,0.1,0.1
8,0.3,0.42,0.1,0.1,0.5,0.5,0.1,0.367,0.26,0.58,0.26,0.1,0.1,0.1,0.5,0.1,0.9,0.42,0.633,0.633,0.1,0.1,0.5,0.5,0,0.367,0.367
9,0.3,0.42,0.1,0.1,0.5,0.5,0.1,0.367,0.26,0.26,0.1,0.1,0.1,0.1,0.1,0.1,0.1,0.1,0.633,0.633,0.1,0.1,0.5,0.5,0,0.367,0.367
9,0.3,0.42,0.1,0.1,0.5,0.5,0.1,0.367,0.26,0.42,0.74,0.3,0.1,0.5,0.5,0.1,0.5,0.26,0.633,0.633,0.1,0.1,0.5,0.5,0,0.367,0.367
9,0.3,0.42,0.1,0.1,0.5,0.5,0.1,0.367,0.26,0.42,0.58,0.5,0.1,0.9,0.5,0.1,0.5,0.26,0.633,0.633,0.1,0.1,0.5,0.5,0,0.367,0.367
10,0.5,0.26,0.1,0.1,0.1,0.5,0.1,0.367,0.58,0.42,0.26,0.1,0.9,0.1,0.9,0.1,0.1,0.26,0.9,0.367,0.1,0.1,0.1,0.5,0,0.367,0.9
10,0.5,0.26,0.1,0.1,0.1,0.5,0.1,0.367,0.58,0.42,0.26,0.1,0.9,0.1,0.9,0.1,0.1,0.26,0.367,0.367,0.1,0.1,0.1,0.1,0,0.367,0.1
10,0.3,0.42,0.1,0.1,0.5,0.5,0.1,0.367,0.26,0.26,0.26,0.1,0.1,0.1,0.1,0.1,0.5,0.1,0.633,0.633,0.1,0.1,0.5,0.5,0,0.367,0.367
10,0.3,0.26,0.1,0.1,0.1,0.5,0.1,0.9,0.26,0.42,0.42,0.1,0.1,0.5,0.5,0.1,0.5,0.26,0.633,0.367,0.1,0.1,0.1,0.5,0,0.9,0.367
10,0.5,0.26,0.1,0.1,0.1,0.5,0.1,0.633,0.42,0.42,0.26,0.1,0.9,0.1,0.9,0.1,0.1,0.26,0.9,0.367,0.1,0.1,0.1,0.5,0,0.633,0.633
10,0.3,0.42,0.1,0.1,0.5,0.5,0.1,0.367,0.26,0.42,0.42,0.1,0.1,0.5,0.5,0.1,0.5,0.26,0.633,0.633,0.1,0.1,0.5,0.5,0,0.367,0.367
10,0.3,0.26,0.1,0.1,0.1,0.5,0.1,0.9,0.26,0.58,0.26,0.1,0.9,0.9,0.9,0.1,0.5,0.42,0.633,0.367,0.1,0.1,0.1,0.5,0,0.9,0.367
